driver_id,name,depot,experience_years,shift
DRV001,Driver 001,D009,11,Morning
DRV002,Driver 002,D002,9,Morning
DRV003,Driver 003,D010,9,Morning
DRV004,Driver 004,D002,14,Afternoon
DRV005,Driver 005,D006,14,Night
DRV006,Driver 006,D009,4,Afternoon
DRV007,Driver 007,D010,7,Afternoon
DRV008,Driver 008,D001,14,Morning
DRV009,Driver 009,D009,18,Night
DRV010,Driver 010,D004,12,Afternoon
DRV011,Driver 011,D002,11,Night
DRV012,Driver 012,D006,4,Night
DRV013,Driver 013,D005,17,Afternoon
DRV014,Driver 014,D007,11,Afternoon
DRV015,Driver 015,D005,18,Morning
DRV016,Driver 016,D004,14,Night
DRV017,Driver 017,D007,6,Night
DRV018,Driver 018,D010,10,Afternoon
DRV019,Driver 019,D009,1,Afternoon
DRV020,Driver 020,D005,7,Afternoon
DRV021,Driver 021,D010,11,Afternoon
DRV022,Driver 022,D008,15,Night
DRV023,Driver 023,D004,17,Afternoon
DRV024,Driver 024,D003,3,Afternoon
DRV025,Driver 025,D009,11,Morning
DRV026,Driver 026,D004,10,Morning
DRV027,Driver 027,D004,5,Morning
DRV028,Driver 028,D001,8,Afternoon
DRV029,Driver 029,D010,3,Afternoon
DRV030,Driver 030,D007,7,Night
DRV031,Driver 031,D007,16,Afternoon
DRV032,Driver 032,D004,5,Night
DRV033,Driver 033,D001,4,Afternoon
DRV034,Driver 034,D004,6,Night
DRV035,Driver 035,D009,15,Morning
DRV036,Driver 036,D009,8,Morning
DRV037,Driver 037,D008,5,Afternoon
DRV038,Driver 038,D009,18,Night
DRV039,Driver 039,D006,15,Night
DRV040,Driver 040,D009,14,Night
DRV041,Driver 041,D008,6,Night
DRV042,Driver 042,D008,15,Afternoon
DRV043,Driver 043,D004,9,Night
DRV044,Driver 044,D008,8,Afternoon
DRV045,Driver 045,D008,3,Night
DRV046,Driver 046,D005,8,Afternoon
DRV047,Driver 047,D006,11,Night
DRV048,Driver 048,D002,5,Morning
DRV049,Driver 049,D004,13,Night
DRV050,Driver 050,D003,7,Morning
DRV051,Driver 051,D007,14,Afternoon
DRV052,Driver 052,D009,15,Afternoon
DRV053,Driver 053,D001,7,Afternoon
DRV054,Driver 054,D007,1,Night
DRV055,Driver 055,D007,16,Morning
DRV056,Driver 056,D006,10,Afternoon
DRV057,Driver 057,D007,18,Night
DRV058,Driver 058,D009,8,Afternoon
DRV059,Driver 059,D004,9,Afternoon
DRV060,Driver 060,D008,1,Afternoon
DRV061,Driver 061,D006,13,Night
DRV062,Driver 062,D003,15,Morning
DRV063,Driver 063,D010,18,Morning
DRV064,Driver 064,D007,1,Morning
DRV065,Driver 065,D007,5,Afternoon
DRV066,Driver 066,D003,2,Afternoon
DRV067,Driver 067,D007,11,Morning
DRV068,Driver 068,D008,11,Afternoon
DRV069,Driver 069,D007,9,Afternoon
DRV070,Driver 070,D005,3,Afternoon
DRV071,Driver 071,D001,18,Morning
DRV072,Driver 072,D006,8,Night
DRV073,Driver 073,D002,2,Morning
DRV074,Driver 074,D004,7,Morning
DRV075,Driver 075,D010,5,Morning
DRV076,Driver 076,D003,16,Night
DRV077,Driver 077,D002,7,Afternoon
DRV078,Driver 078,D005,12,Morning
DRV079,Driver 079,D010,4,Morning
DRV080,Driver 080,D005,4,Night
DRV081,Driver 081,D001,10,Night
DRV082,Driver 082,D007,13,Night
DRV083,Driver 083,D004,3,Night
DRV084,Driver 084,D004,4,Night
DRV085,Driver 085,D005,4,Night
DRV086,Driver 086,D001,12,Night
DRV087,Driver 087,D007,12,Morning
DRV088,Driver 088,D009,11,Morning
DRV089,Driver 089,D007,16,Morning
DRV090,Driver 090,D007,12,Night
DRV091,Driver 091,D008,5,Afternoon
DRV092,Driver 092,D003,17,Night
DRV093,Driver 093,D005,18,Afternoon
DRV094,Driver 094,D008,14,Night
DRV095,Driver 095,D010,9,Afternoon
DRV096,Driver 096,D004,3,Afternoon
DRV097,Driver 097,D008,8,Afternoon
DRV098,Driver 098,D010,13,Afternoon
DRV099,Driver 099,D001,16,Afternoon
DRV100,Driver 100,D003,16,Morning
DRV101,Driver 101,D006,9,Afternoon
DRV102,Driver 102,D005,9,Night
DRV103,Driver 103,D001,17,Morning
DRV104,Driver 104,D002,8,Night
DRV105,Driver 105,D007,16,Night
DRV106,Driver 106,D004,16,Night
DRV107,Driver 107,D008,15,Morning
DRV108,Driver 108,D002,10,Morning
DRV109,Driver 109,D007,8,Afternoon
DRV110,Driver 110,D010,12,Afternoon
DRV111,Driver 111,D009,17,Afternoon
DRV112,Driver 112,D007,18,Afternoon
DRV113,Driver 113,D006,15,Afternoon
DRV114,Driver 114,D005,9,Morning
DRV115,Driver 115,D002,7,Afternoon
DRV116,Driver 116,D002,18,Night
DRV117,Driver 117,D003,7,Morning
DRV118,Driver 118,D008,9,Night
DRV119,Driver 119,D010,17,Night
DRV120,Driver 120,D005,4,Morning
