route_id,origin,destination,distance_km,expected_duration_min
R001,Pune,Hyderabad,70.1,157
R002,Hubballi,Chennai,55.2,88
R003,Hubballi,Pune,128.0,320
R004,Mangaluru,Mysuru,158.1,304
R005,Mangaluru,Tumakuru,39.7,104
R006,Mangaluru,Mysuru,149.4,316
R007,Mysuru,Coimbatore,116.3,305
R008,Chennai,Coimbatore,171.2,440
R009,Hyderabad,Mysuru,104.0,218
R010,Coimbatore,Hyderabad,141.4,302
R011,Mangaluru,Pune,155.9,247
R012,Pune,Coimbatore,114.8,217
R013,Mysuru,Hyderabad,115.6,264
R014,Mysuru,Chennai,49.3,96
R015,Chennai,Bengaluru,78.3,142
R016,Mangaluru,Pune,13.6,31
R017,Pune,Mangaluru,20.2,47
R018,Pune,Coimbatore,121.7,198
R019,Hosur,Mysuru,101.7,189
R020,Pune,Chennai,20.3,49
R021,Pune,Coimbatore,136.8,264
R022,Pune,Mangaluru,29.4,53
R023,Hosur,Pune,94.1,189
R024,Mysuru,Coimbatore,14.9,31
R025,Tumakuru,Coimbatore,51.1,131
R026,Coimbatore,Bengaluru,179.9,330
R027,Pune,Coimbatore,14.9,26
R028,Mangaluru,Hubballi,120.1,197
R029,Chennai,Coimbatore,83.0,142
R030,Mysuru,Mangaluru,67.8,149
R031,Mysuru,Chennai,64.7,117
R032,Pune,Hosur,147.9,288
R033,Mangaluru,Mysuru,62.1,137
R034,Hosur,Hubballi,149.9,408
R035,Hubballi,Mangaluru,79.1,190
R036,Tumakuru,Coimbatore,138.1,259
R037,Bengaluru,Hyderabad,53.9,134
R038,Pune,Mangaluru,159.5,322
R039,Bengaluru,Coimbatore,145.5,262
R040,Pune,Hubballi,10.4,22
R041,Hyderabad,Mysuru,87.4,220
R042,Chennai,Mangaluru,168.4,379
R043,Pune,Hosur,151.6,241
R044,Hyderabad,Mangaluru,102.8,219
R045,Coimbatore,Hubballi,136.4,338
R046,Mysuru,Pune,140.9,237
R047,Tumakuru,Hubballi,54.0,147
R048,Pune,Coimbatore,107.7,198
R049,Chennai,Mangaluru,100.6,219
R050,Hubballi,Hosur,86.3,191
R051,Hyderabad,Coimbatore,73.9,124
R052,Hosur,Bengaluru,62.7,127
R053,Hosur,Chennai,93.2,248
R054,Hubballi,Coimbatore,65.1,165
R055,Mangaluru,Mysuru,98.5,202
R056,Chennai,Hosur,157.8,252
R057,Mysuru,Mangaluru,142.4,326
R058,Coimbatore,Hosur,119.8,202
R059,Hubballi,Hosur,172.1,322
R060,Mangaluru,Hubballi,14.2,37
R061,Pune,Hyderabad,136.4,283
R062,Mysuru,Mangaluru,36.6,82
R063,Bengaluru,Tumakuru,144.9,326
R064,Tumakuru,Hosur,33.0,65
R065,Coimbatore,Chennai,37.2,96
R066,Hosur,Coimbatore,125.5,251
R067,Coimbatore,Chennai,47.9,89
R068,Mangaluru,Pune,122.7,202
R069,Mangaluru,Pune,124.5,305
R070,Mangaluru,Tumakuru,177.9,398
R071,Hosur,Pune,86.6,194
R072,Hosur,Mangaluru,26.3,56
R073,Tumakuru,Coimbatore,58.9,106
R074,Bengaluru,Hosur,55.2,107
R075,Bengaluru,Coimbatore,136.2,231
R076,Pune,Hyderabad,112.4,244
R077,Hyderabad,Coimbatore,51.1,90
R078,Chennai,Mysuru,163.4,303
R079,Pune,Mangaluru,13.7,30
R080,Chennai,Mysuru,164.5,363
